{"mse": 0.877215378617653, "mae": 0.7347571299223251, "r2": 0.13810919178810221}